identificador,grupo,exercicio,avaliacao,avaliacao_a,avaliacao_b,consenso,tem_erro,escore_desvio,distancia_controle,desvio_detectado,escore_cena,escore_risco,alerta,fracao_com_pessoa,objetos,n_erros_temporais,duracao_erro_s
G1A-CTK-R2-Brest-008,G1A,CTK,Incorrect,Incorrect,Incorrect,True,True,0.7596649537153898,0.8778578232677949,True,0.20999999999999996,0.7046984583438508,True,0.8,cadeira|outro:tv,4,8.293
G1A-CTK-R2-Brest-048,G1A,CTK,Incorrect,Incorrect,Incorrect,True,True,0.766772262841729,0.9134899506987986,True,0.0,0.6900950365575561,True,1.0,cadeira,2,5.76
G1A-CTK-R1-Brest-099,G1A,CTK,Incorrect,Incorrect,Incorrect,True,True,0.7582938743993634,1.4012831631927798,True,0.0,0.6824644869594271,True,1.0,,2,8.52
G1A-CTK-R1-Brest-061,G1A,CTK,Incorrect,Incorrect,Incorrect,True,True,0.7327499008464015,1.321112599042612,True,0.15999999999999998,0.6754749107617614,True,0.8,,2,5.96
G1A-CTK-R2-Brest-036,G1A,CTK,Incorrect,Incorrect,Incorrect,True,True,0.7205674658255412,0.6258903571745552,True,0.15999999999999998,0.6645107192429871,True,0.8,cadeira,2,7.199999999999999
G1A-CTK-R2-Brest-030,G1A,CTK,Incorrect,Incorrect,Incorrect,True,True,0.7342010727733198,0.9103602864709818,True,0.0,0.6607809654959879,True,1.0,cadeira,2,7.48
G1A-CTK-R6-Roscoff-079,G1A,CTK,Incorrect,Incorrect,Incorrect,True,True,0.6853814715818406,1.683160467133107,True,0.42000000000000004,0.6588433244236566,True,0.6,outro:bicycle|outro:tv,2,14.479999999999999
G1A-CTK-R1-Brest-056,G1A,CTK,Incorrect,Incorrect,Incorrect,True,True,0.7292739209688467,1.5721102207810425,True,0.0,0.656346528871962,True,1.0,,2,4.239999999999999
G1A-CTK-R2-Brest-086,G1A,CTK,Incorrect,Incorrect,Incorrect,True,True,0.7223016591317124,1.14505669939346,True,0.05,0.6550714932185412,True,1.0,outro:refrigerator,2,8.2
G1A-CTK-R6-Roscoff-101,G1A,CTK,Correct,Correct,Correct,True,False,0.6329121621098,1.7999284163882328,True,0.8500000000000001,0.6546209458988199,True,0.0,outro:tv,0,0.0
G1A-CTK-R6-Roscoff-040,G1A,CTK,Incorrect,Incorrect,Correct,False,True,0.6626615776893366,1.7580998766252975,True,0.58,0.654395419920403,True,0.4,outro:bicycle|outro:tv,2,6.760000000000002
G1A-CTK-R2-Brest-014,G1A,CTK,Incorrect,Incorrect,Incorrect,True,True,0.7113213511176186,0.8718985078408151,True,0.0,0.6401892160058568,True,1.0,cadeira,2,7.3999999999999995
G1A-CTK-R3-Brest-002,G1A,CTK,Incorrect,Incorrect,Correct,False,True,0.7058272439155039,1.2115932657811614,True,0.0,0.6352445195239536,True,1.0,,2,6.8000000000000025
G1A-CTK-R2-Brest-065,G1A,CTK,Incorrect,Incorrect,Incomplete,False,True,0.6913444053108878,1.1654457119063242,True,0.05,0.6272099647797991,True,1.0,outro:backpack,2,8.16
G1A-CTK-R2-Brest-032,G1A,CTK,Incorrect,Incorrect,Correct,False,True,0.6823848340623794,1.026677276381401,True,0.05,0.6191463506561414,True,1.0,outro:refrigerator,2,5.5200000000000005
G1A-CTK-R1-Brest-104,G1A,CTK,Correct,Correct,Correct,True,False,0.6672011305825746,0.7182103101319703,True,0.05,0.6054810175243172,True,1.0,outro:umbrella,0,0.0
G1A-CTK-R2-Brest-078,G1A,CTK,Incorrect,Incorrect,Incorrect,True,True,0.6686621213133103,1.1557051551946993,True,0.0,0.6017959091819792,True,1.0,cadeira,2,8.0
G1A-CTK-R2-Brest-020,G1A,CTK,Correct,Correct,Correct,True,False,0.6606409355129675,0.7266463936805013,True,0.05,0.5995768419616708,True,1.0,outro:refrigerator,0,0.0
G1A-CTK-R2-Brest-055,G1A,CTK,Incorrect,Incorrect,Incorrect,True,True,0.6566096774653906,1.3431473245813044,True,0.05,0.5959487097188515,True,1.0,outro:refrigerator,2,6.64
G1A-CTK-R3-Brest-102,G1A,CTK,Incorrect,Correct,Incorrect,False,True,0.6520790409714264,1.356547246839332,True,0.0,0.5868711368742838,True,1.0,,0,0.0
G1A-CTK-R6-Roscoff-017,G1A,CTK,Incorrect,Incorrect,Correct,False,True,0.5704838086293073,1.783481251329037,True,0.6900000000000002,0.5824354277663766,True,0.2,outro:tv,2,7.200000000000001
G1A-CTK-R2-Brest-070,G1A,CTK,Incorrect,Incorrect,Incorrect,True,True,0.6443207786188182,1.2090750854790568,True,0.0,0.5798887007569364,True,1.0,cadeira,2,8.8
G1A-CTK-R4-Roscoff-103,G1A,CTK,Correct,Correct,Correct,True,False,0.6230690684545552,1.1276262798070122,True,0.15999999999999998,0.5767621616090998,True,0.8,cadeira,0,0.0
G1A-CTK-R1-Brest-071,G1A,CTK,Incorrect,Incorrect,Incorrect,True,True,0.5919959070324519,0.940445461964848,True,0.32000000000000006,0.5647963163292067,True,0.6,,2,7.6000000000000005
G1A-CTK-R1-Brest-022,G1A,CTK,Incorrect,Incorrect,Incorrect,True,True,0.6260909256863122,0.9696516327280059,True,0.0,0.563481833117681,True,1.0,,2,6.6
G1A-CTK-R1-Brest-042,G1A,CTK,Incorrect,Incorrect,Incorrect,True,True,0.6256764672227103,1.41553065722633,True,0.0,0.5631088205004393,True,1.0,,2,9.16
G1A-CTK-R1-Brest-054,G1A,CTK,Incorrect,Incorrect,Incorrect,True,True,0.6077289211829529,2.095915476218177,True,0.15999999999999998,0.5629560290646576,True,0.8,,2,7.84
G1A-CTK-R1-Brest-073,G1A,CTK,Correct,Correct,Correct,True,False,0.6204273896139105,0.608300929686653,True,0.0,0.5583846506525195,True,1.0,,0,0.0
G1A-CTK-R6-Roscoff-100,G1A,CTK,Correct,Correct,Correct,True,False,0.5364726413723537,1.705108054339651,True,0.6900000000000002,0.5518253772351184,True,0.2,outro:tv,0,0.0
G1A-CTK-R2-Brest-024,G1A,CTK,Incorrect,Incorrect,Incorrect,True,True,0.6116742046787749,0.9015457651885815,True,0.0,0.5505067842108974,True,1.0,cadeira,2,17.08
G1A-CTK-R6-Roscoff-006,G1A,CTK,Correct,Correct,Correct,True,False,0.5888647623432947,1.5636567380467319,True,0.15999999999999998,0.5459782861089653,True,0.8,cadeira,0,0.0
G1A-CTK-R3-Brest-033,G1A,CTK,Incorrect,Correct,Incorrect,False,True,0.6056264433941214,0.9400129526382915,True,0.0,0.5450637990547093,True,1.0,,0,0.0
G1A-CTK-R2-Brest-107,G1A,CTK,Incorrect,Incorrect,Incorrect,True,True,0.5974381284103613,1.092693954557513,True,0.0,0.5376943155693251,True,1.0,cadeira,2,5.4
G1A-CTK-R6-Roscoff-031,G1A,CTK,Incorrect,Incorrect,Correct,False,True,0.5114218414326744,1.6782784410768292,True,0.7400000000000001,0.5342796572894071,True,0.2,outro:bicycle|outro:tv,2,8.879999999999999
G1A-CTK-R3-Brest-067,G1A,CTK,Incorrect,Incorrect,Incorrect,True,True,0.5866382112048771,1.1322654112965538,True,0.05,0.5329743900843894,True,1.0,outro:refrigerator,2,6.359999999999999
G1A-CTK-R6-Roscoff-027,G1A,CTK,Incorrect,Correct,Incorrect,False,True,0.5419363339728532,1.7109114664210556,True,0.37000000000000005,0.5247427005755679,True,0.6,outro:tv,0,0.0
G1A-CTK-R5-Roscoff-085,G1A,CTK,Correct,Correct,Correct,True,False,0.5651139420809097,1.2753098841206858,True,0.05,0.5136025478728188,True,1.0,outro:tv,0,0.0
G1A-CTK-R3-Brest-094,G1A,CTK,Incorrect,Incorrect,Incorrect,True,True,0.5608087010111219,1.0073789090183707,True,0.05,0.5097278309100097,True,1.0,outro:refrigerator,2,2.2800000000000002
G1A-CTK-R3-Brest-072,G1A,CTK,Incorrect,Incorrect,Incorrect,True,True,0.5550795850775404,1.220602932115026,True,0.0,0.4995716265697864,False,1.0,,3,6.8
G1A-CTK-R3-Brest-084,G1A,CTK,Incorrect,Incorrect,Incorrect,True,True,0.5494735990937629,1.1320927752142655,True,0.05,0.49952623918438666,False,1.0,outro:refrigerator,2,6.92
G1A-CTK-R1-Brest-108,G1A,CTK,Correct,Correct,Correct,True,False,0.5402495450180269,0.8454987113054963,True,0.05,0.49122459051622425,False,1.0,outro:umbrella,0,0.0
G1A-CTK-R3-Brest-106,G1A,CTK,Correct,Correct,Correct,True,False,0.5054417935310983,1.031180652406804,True,0.05,0.45989761417798847,False,1.0,outro:backpack,0,0.0
G1A-CTK-R5-Roscoff-058,G1A,CTK,Correct,Correct,Correct,True,False,0.4613593715006999,1.3902637315279474,False,0.15999999999999998,0.43122343435062993,False,0.8,cadeira,0,0.0
G1A-CTK-R5-Roscoff-005,G1A,CTK,Correct,Correct,Correct,True,False,0.4687894384821448,1.414892000656138,False,0.05,0.4269104946339304,False,1.0,cadeira|outro:tv,0,0.0
G1A-CTK-R3-Brest-083,G1A,CTK,Incorrect,Incorrect,Incorrect,True,True,0.47347655782588327,1.0326737095738368,False,0.0,0.42612890204329495,False,1.0,,3,17.080000000000002
G1A-CTK-R3-Brest-064,G1A,CTK,Incorrect,Correct,Incorrect,False,True,0.45550472282934906,1.2417313584473777,False,0.15999999999999998,0.42595425054641417,False,0.8,,0,0.0
G1A-CTK-R5-Roscoff-037,G1A,CTK,Correct,Correct,Correct,True,False,0.4551718398250569,1.4384003350425496,False,0.15999999999999998,0.4256546558425512,False,0.8,cadeira,0,0.0
G1A-CTK-R1-Brest-062,G1A,CTK,Correct,Correct,Correct,True,False,0.4529407534874998,0.8055495017221896,False,0.15999999999999998,0.42364667813874984,False,0.8,,0,0.0
G1A-CTK-R3-Brest-011,G1A,CTK,Correct,Correct,Correct,True,False,0.4705459402369022,0.9138883512162691,False,0.0,0.423491346213212,False,1.0,,0,0.0
G1A-CTK-R1-Brest-057,G1A,CTK,Correct,Correct,Correct,True,False,0.4153399182860843,0.6615424684898998,False,0.48,0.4218059264574759,False,0.4,,0,0.0
G1A-CTK-R5-Roscoff-063,G1A,CTK,Correct,Correct,Correct,True,False,0.43713886605352614,1.2274485661397938,False,0.20999999999999996,0.4144249794481736,False,0.8,cadeira|mesa|outro:tv|sofa,0,0.0
G1A-CTK-R3-Brest-039,G1A,CTK,Incorrect,Correct,Incorrect,False,True,0.4544806599112263,1.1563270500634002,False,0.05,0.4140325939201037,False,1.0,outro:backpack,0,0.0
G1A-CTK-R5-Roscoff-045,G1A,CTK,Correct,Correct,Correct,True,False,0.4316497610529602,1.724530978702138,False,0.05,0.3934847849476642,False,1.0,cadeira|outro:book,0,0.0
G1A-CTK-R1-Brest-095,G1A,CTK,Correct,Correct,Correct,True,False,0.4155506621110771,0.664109521027317,False,0.15999999999999998,0.3899955958999694,False,0.8,,0,0.0
G1A-CTK-R5-Roscoff-105,G1A,CTK,Correct,Correct,Correct,True,False,0.4186309295743937,1.4610808926316812,False,0.05,0.38176783661695435,False,1.0,cadeira|mesa|outro:tv,0,0.0
G1A-CTK-R5-Roscoff-028,G1A,CTK,Incorrect,Correct,Incorrect,False,True,0.41637826250229415,1.6352173360979718,False,0.05,0.3797404362520648,False,1.0,cadeira|outro:book,0,0.0
G1A-CTK-R5-Roscoff-004,G1A,CTK,Incorrect,Incorrect,Correct,False,True,0.4162107558977037,1.7002232471708052,False,0.05,0.37958968030793333,False,1.0,cadeira|outro:book,2,8.48
G1A-CTK-R4-Roscoff-080,G1A,CTK,Incorrect,Incorrect,Incorrect,True,True,0.42168957578821964,1.2640655816055328,False,0.0,0.3795206182093977,False,1.0,cadeira,2,6.799999999999999
G1A-CTK-R1-Brest-038,G1A,CTK,Correct,Correct,Correct,True,False,0.38703598401120415,0.6290582220214764,False,0.20999999999999996,0.36933238561008375,False,0.8,outro:umbrella,0,0.0
G1A-CTK-R4-Roscoff-053,G1A,CTK,Incorrect,Incorrect,Incorrect,True,True,0.3907430438998851,1.2868339048953723,False,0.0,0.35166873950989663,False,1.0,cadeira,3,13.399999999999999
G1A-CTK-R5-Roscoff-049,G1A,CTK,Correct,Correct,Correct,True,False,0.35905939236074996,1.3931483414995858,False,0.20999999999999996,0.344153453124675,False,0.8,cadeira|mesa|outro:tv|sofa,0,0.0
G1A-CTK-R6-Roscoff-082,G1A,CTK,Incorrect,Incorrect,Incorrect,True,True,0.315259733259815,1.0051426458293264,False,0.48,0.33173375993383347,False,0.4,cadeira,2,7.4
G1A-CTK-R5-Roscoff-050,G1A,CTK,Correct,Correct,Correct,True,False,0.36750993090111606,1.5327776385316378,False,0.0,0.33075893781100446,False,1.0,cadeira,0,0.0
G1A-CTK-R6-Roscoff-023,G1A,CTK,Correct,Correct,Correct,True,False,0.30028530722762653,1.3278077395759986,False,0.48,0.3182567765048639,False,0.4,cadeira,0,0.0
G1A-CTK-R3-Brest-092,G1A,CTK,Incorrect,Incorrect,Incorrect,True,True,0.3382912772948062,1.0971098772554277,False,0.0,0.3044621495653256,False,1.0,,2,15.360000000000003
G1A-CTK-R5-Roscoff-016,G1A,CTK,Correct,Correct,Correct,True,False,0.33252570847049656,1.2824565185176056,False,0.05,0.30427313762344693,False,1.0,cadeira|mesa|outro:tv,0,0.0
G1A-CTK-R5-Roscoff-075,G1A,CTK,Incorrect,Incorrect,Incorrect,True,True,0.32920523778559485,1.902546420693799,False,0.05,0.3012847140070354,False,1.0,cadeira|outro:book,2,6.880000000000001
G1A-CTK-R3-Brest-066,G1A,CTK,Incorrect,Incorrect,Incorrect,True,True,0.3248580104294339,0.601596576008186,False,0.05,0.2973722093864905,False,1.0,outro:backpack,2,18.28
G1A-CTK-R5-Roscoff-097,G1A,CTK,Correct,Correct,Correct,True,False,0.29279474288002444,1.1915738476119742,False,0.20999999999999996,0.28451526859202203,False,0.8,cadeira|outro:tv|sofa,0,0.0
G1A-CTK-R4-Roscoff-041,G1A,CTK,Correct,Correct,Correct,True,False,0.3087623777176969,0.9772950054084886,False,0.05,0.2828861399459272,False,1.0,notebook|outro:tv,0,0.0
G1A-CTK-R4-Roscoff-047,G1A,CTK,Correct,Correct,Correct,True,False,0.2789996298547663,0.8896135666017173,False,0.05,0.25609966686928964,False,1.0,notebook|outro:backpack,0,0.0
G1A-CTK-R4-Roscoff-019,G1A,CTK,Correct,Correct,Correct,True,False,0.24862742397791504,0.6240014229645442,False,0.0,0.22376468158012355,False,1.0,,0,0.0
G1A-CTK-R4-Roscoff-076,G1A,CTK,Incorrect,Incorrect,Incorrect,True,True,0.22627476644731237,0.5914171262689915,False,0.05,0.20864728980258115,False,1.0,notebook|outro:backpack,2,19.16
G1A-CTK-R4-Roscoff-044,G1A,CTK,Incorrect,Incorrect,Incorrect,True,True,0.23161149157486177,1.01156069081517,False,0.0,0.2084503424173756,False,1.0,,2,12.84
G1A-CTK-R4-Roscoff-087,G1A,CTK,Correct,Correct,Correct,True,False,0.21159381613987566,0.5397781186191263,False,0.0,0.1904344345258881,False,1.0,notebook,0,0.0
G1A-CTK-R4-Roscoff-089,G1A,CTK,Correct,Correct,Correct,True,False,0.2041795603609877,0.7161461395765634,False,0.0,0.18376160432488892,False,1.0,,0,0.0
G1A-CTK-R6-Roscoff-098,G1A,CTK,Correct,Correct,Correct,True,False,0.153681583892234,1.1808136912143155,False,0.1,0.1483134255030106,False,1.0,cadeira|outro:backpack|outro:handbag,0,0.0
G1A-CTK-R4-Roscoff-010,G1A,CTK,Correct,Correct,Correct,True,False,0.06283713094276178,8.04448680248689,False,0.8,0.13655341784848563,True,0.0,cadeira,0,0.0
G1A-CTK-R4-Roscoff-081,G1A,CTK,Correct,Correct,Correct,True,False,0.048021750760044606,7.411187593192315,False,0.8,0.12321957568404016,True,0.0,cadeira,0,0.0
G1A-CTK-R4-Roscoff-052,G1A,CTK,Correct,Correct,Correct,True,False,0.042933909186894326,7.542446975826158,False,0.8,0.1186405182682049,True,0.0,cadeira,0,0.0
G1A-CTK-R6-Roscoff-035,G1A,CTK,Correct,Correct,Correct,True,False,0.10783285974909544,1.2906682613617164,False,0.05,0.1020495737741859,False,1.0,cadeira|outro:backpack,0,0.0
G1A-CTK-R4-Roscoff-007,G1A,CTK,Correct,Correct,Correct,True,False,0.038676880412708003,7.516748020084498,False,0.6400000000000001,0.09880919237143722,True,0.2,cadeira,0,0.0
G1A-CTK-R6-Roscoff-060,G1A,CTK,Correct,Correct,Correct,True,False,0.058535870163375484,1.3182468153747553,False,0.20999999999999996,0.07368228314703792,False,0.8,cadeira|outro:backpack,0,0.0
G1A-CTK-R6-Roscoff-069,G1A,CTK,Correct,Correct,Correct,True,False,0.036108068913045493,1.349977779880797,False,0.05,0.037497262021740946,False,1.0,cadeira|outro:backpack,0,0.0
G1A-ELK-R2-Brest-012,G1A,ELK,Incomplete,Incomplete,Incomplete,True,True,0.9828482049785257,1.2586044527693119,True,0.20999999999999996,0.9055633844806731,True,0.8,outro:refrigerator,0,0.0
G1A-ELK-R4-Roscoff-054,G1A,ELK,Incorrect,Incorrect,Incorrect,True,True,0.9984941749543997,1.7148306505919928,True,0.05,0.9036447574589598,True,1.0,cadeira|mesa|outro:tv,2,9.760000000000002
G1A-ELK-R4-Roscoff-004,G1A,ELK,Incorrect,Incorrect,Incorrect,True,True,0.9984245109452411,1.909425105531822,True,0.0,0.898582059850717,True,1.0,cadeira|sofa,2,7.880000000000001
G1A-ELK-R3-Brest-013,G1A,ELK,Incomplete,Incomplete,Incomplete,True,True,0.9873305309868787,1.274702075021344,True,0.0,0.8885974778881909,True,1.0,cadeira,0,0.0
G1A-ELK-R4-Roscoff-015,G1A,ELK,Incorrect,Incorrect,Incorrect,True,True,0.9490718554187464,1.9445066876088324,True,0.32000000000000006,0.8861646698768718,True,0.6,cadeira,2,9.319999999999999
G1A-ELK-R4-Roscoff-051,G1A,ELK,Incorrect,Incorrect,Incorrect,True,True,0.9814247950600214,1.8873403607839692,True,0.0,0.8832823155540194,True,1.0,cadeira,2,5.5600000000000005
G1A-ELK-R2-Brest-001,G1A,ELK,Incomplete,Incomplete,Incomplete,True,True,0.9724676200598076,1.6416326140449418,True,0.05,0.8802208580538269,True,1.0,outro:refrigerator,0,0.0
G1A-ELK-R2-Brest-039,G1A,ELK,Incomplete,Incomplete,Incomplete,True,True,0.91856892146715,1.3330885659806733,True,0.53,0.879712029320435,True,0.4,outro:refrigerator,0,0.0
G1A-ELK-R3-Brest-080,G1A,ELK,Motionless,Motionless,Motionless,True,True,0.9694900945812468,4.1404176218350734,True,0.05,0.8775410851231221,True,1.0,outro:refrigerator,0,0.0
G1A-ELK-R2-Brest-033,G1A,ELK,Incomplete,Incomplete,Incomplete,True,True,0.9664773249173115,0.398781747320437,True,0.05,0.8748295924255804,True,1.0,outro:suitcase,0,0.0
G1A-ELK-R2-Brest-067,G1A,ELK,Incorrect,Correct,Incorrect,False,True,0.9460544710219916,1.3809475422003021,True,0.20999999999999996,0.8724490239197925,True,0.8,outro:refrigerator,0,0.0
G1A-ELK-R5-Roscoff-063,G1A,ELK,Incorrect,Incorrect,Incorrect,True,True,0.9040078873211901,0.721992400551354,True,0.37000000000000005,0.8506070985890711,True,0.6,mesa|outro:tv|sofa,3,15.987000000000002
G1A-ELK-R1-Brest-075,G1A,ELK,Incorrect,Incorrect,Incorrect,True,True,0.9352692778648111,0.9284001663682172,True,0.0,0.84174235007833,True,1.0,,2,9.96
G1A-ELK-R1-Brest-052,G1A,ELK,Incorrect,Incorrect,Incorrect,True,True,0.9161757578256567,1.2715671812145368,True,0.15999999999999998,0.8405581820430911,True,0.8,,2,9.36
G1A-ELK-R1-Brest-092,G1A,ELK,Incorrect,Incorrect,Incorrect,True,True,0.9297372281152486,0.5635143388181907,True,0.0,0.8367635053037238,True,1.0,,2,4.28
G1A-ELK-R4-Roscoff-030,G1A,ELK,Incorrect,Incorrect,Incorrect,True,True,0.8932724224917723,0.5796749989697768,True,0.32000000000000006,0.8359451802425951,True,0.6,cadeira,2,5.24
G1A-ELK-R3-Brest-002,G1A,ELK,Correct,Correct,Correct,True,False,0.927099938779102,0.9741842085411094,True,0.0,0.8343899449011918,True,1.0,,0,0.0
G1A-ELK-R2-Brest-079,G1A,ELK,Incorrect,Correct,Incorrect,False,True,0.9067506063452769,0.8827795935623056,True,0.15999999999999998,0.8320755457107493,True,0.8,cadeira,0,0.0
G1A-ELK-R3-Brest-088,G1A,ELK,Correct,Correct,Correct,True,False,0.9156003136678916,0.9007781083591161,True,0.0,0.8240402823011025,True,1.0,,0,0.0
G1A-ELK-R3-Brest-035,G1A,ELK,Incorrect,Correct,Incorrect,False,True,0.9033078786870502,1.6172312279150842,True,0.1,0.8229770908183452,True,1.0,outro:backpack|outro:refrigerator,0,0.0
G1A-ELK-R5-Roscoff-037,G1A,ELK,Incorrect,Incorrect,Incorrect,True,True,0.8981069967113381,0.7298608342643105,True,0.05,0.8132962970402043,True,1.0,cadeira|mesa|outro:tv,2,7.159999999999999
G1A-ELK-R5-Roscoff-068,G1A,ELK,Incorrect,Incorrect,Incorrect,True,True,0.8937243183808536,0.7514608259825494,True,0.05,0.8093518865427684,True,1.0,cadeira|mesa|outro:tv,2,7.6
G1A-ELK-R2-Brest-076,G1A,ELK,Correct,Correct,Correct,True,False,0.8672785283607367,0.7428793017173984,True,0.26,0.8065506755246631,True,0.8,outro:backpack|outro:suitcase,0,0.0
G1A-ELK-R4-Roscoff-084,G1A,ELK,Incorrect,Incorrect,Incorrect,True,True,0.8394275669146204,0.5308975649335631,True,0.37000000000000005,0.7924848102231584,True,0.6,notebook|outro:book,2,3.200000000000001
G1A-ELK-R5-Roscoff-026,G1A,ELK,Incorrect,Incorrect,Incorrect,True,True,0.868445880206319,0.7924734195452493,True,0.0,0.7816012921856871,True,1.0,cadeira,2,9.719999999999999
G1A-ELK-R4-Roscoff-050,G1A,ELK,Incorrect,Incorrect,Incorrect,True,True,0.8667508351895804,0.8435141502910813,True,0.0,0.7800757516706224,True,1.0,cadeira,2,3.839999999999999
G1A-ELK-R5-Roscoff-042,G1A,ELK,Incorrect,Incorrect,Incorrect,True,True,0.8645642906661134,0.9086043601434174,True,0.0,0.7781078615995021,True,1.0,cadeira|notebook,2,8.2
G1A-ELK-R5-Roscoff-025,G1A,ELK,Incorrect,Incorrect,Incorrect,True,True,0.8281227785287953,0.9563374650738602,True,0.32000000000000006,0.7773105006759159,True,0.6,cadeira,2,7.760000000000001
G1A-ELK-R5-Roscoff-081,G1A,ELK,Incorrect,Incorrect,Incorrect,True,True,0.8572788548512073,0.846535291773581,True,0.0,0.7715509693660866,True,1.0,cadeira,2,10.12
G1A-ELK-R5-Roscoff-020,G1A,ELK,Incorrect,Incorrect,Incorrect,True,True,0.8498787775228845,0.7850545822398818,True,0.0,0.7648908997705961,True,1.0,cadeira,2,5.720000000000001
G1A-ELK-R1-Brest-041,G1A,ELK,Incorrect,Incorrect,Incorrect,True,True,0.800969089843352,1.0606090377787754,True,0.37000000000000005,0.7578721808590169,True,0.6,outro:umbrella,2,9.2
G1A-ELK-R3-Brest-083,G1A,ELK,Incorrect,Correct,Incorrect,False,True,0.8412654822021763,0.9170733635071427,True,0.0,0.7571389339819588,True,1.0,,0,0.0
G1A-ELK-R3-Brest-066,G1A,ELK,Incorrect,Correct,Incorrect,False,True,0.8313405413478486,1.5785663356306567,True,0.05,0.7532064872130638,True,1.0,outro:backpack,1,5.7330000000000005
G1A-ELK-R5-Roscoff-024,G1A,ELK,Incorrect,Incorrect,Incorrect,True,True,0.7931528497329069,1.0318622635336123,True,0.32000000000000006,0.7458375647596163,True,0.6,cadeira,2,4.239999999999998
G1A-ELK-R1-Brest-003,G1A,ELK,Incorrect,Correct,Incorrect,False,True,0.8157010428722307,2.1122841018360323,True,0.05,0.7391309385850077,True,1.0,outro:umbrella,0,0.0
G1A-ELK-R2-Brest-087,G1A,ELK,Incorrect,Correct,Incorrect,False,True,0.8139377253544551,0.8084482931368676,True,0.0,0.7325439528190096,True,1.0,,0,0.0
G1A-ELK-R2-Brest-008,G1A,ELK,Incomplete,Incomplete,Incomplete,True,True,0.7595175892910555,1.7970235706259698,True,0.48,0.73156583036195,True,0.4,cadeira,0,0.0
G1A-ELK-R1-Brest-014,G1A,ELK,Incorrect,Incorrect,Incorrect,True,True,0.8105821740430333,0.8263638380960399,True,0.0,0.72952395663873,True,1.0,,2,5.24
G1A-ELK-R4-Roscoff-045,G1A,ELK,Incorrect,Incorrect,Incorrect,True,True,0.8046736990491724,0.549636099536097,True,0.05,0.7292063291442552,True,1.0,notebook|outro:tv,2,9.04
G1A-ELK-R1-Brest-074,G1A,ELK,Incorrect,Incorrect,Incorrect,True,True,0.7866224780654673,1.9018895360996104,True,0.20999999999999996,0.7289602302589205,True,0.8,outro:umbrella,2,8.96
G1A-ELK-R1-Brest-062,G1A,ELK,Incorrect,Incorrect,Incorrect,True,True,0.7898875327129056,1.406991392794845,True,0.15999999999999998,0.7268987794416151,True,0.8,,2,9.36
G1A-ELK-R1-Brest-059,G1A,ELK,Incorrect,Incorrect,Incorrect,True,True,0.8037255856308639,1.6127381695731782,True,0.0,0.7233530270677776,True,1.0,,3,29.426999999999996
G1A-ELK-R5-Roscoff-058,G1A,ELK,Incorrect,Incorrect,Incorrect,True,True,0.7796513452767896,0.744756002523039,True,0.20999999999999996,0.7226862107491107,True,0.8,cadeira|mesa|outro:tv,2,10.2
G1A-ELK-R5-Roscoff-022,G1A,ELK,Incorrect,Incorrect,Incorrect,True,True,0.7793567560593365,0.7308123143241735,True,0.20999999999999996,0.7224210804534029,True,0.8,cadeira|mesa|outro:tv,2,4.280000000000001
G1A-ELK-R3-Brest-028,G1A,ELK,Incorrect,Incorrect,Incorrect,True,True,0.7989540765572214,1.0886781258300393,True,0.0,0.7190586689014993,True,1.0,,2,8.36
G1A-ELK-R2-Brest-017,G1A,ELK,Incomplete,Incomplete,Incomplete,True,True,0.7928610794674291,0.6823533925571046,True,0.05,0.7185749715206863,True,1.0,outro:suitcase,0,0.0
G1A-ELK-R3-Brest-040,G1A,ELK,Incorrect,Correct,Incorrect,False,True,0.7801235999069677,1.1256884777448757,True,0.05,0.7071112399162709,True,1.0,outro:refrigerator,0,0.0
G1A-ELK-R4-Roscoff-091,G1A,ELK,Incorrect,Incorrect,Incorrect,True,True,0.7664701836802952,0.5446088978412799,True,0.05,0.6948231653122657,True,1.0,notebook|outro:tv,2,6.72
G1A-ELK-R5-Roscoff-053,G1A,ELK,Incorrect,Correct,Incorrect,False,True,0.7631406729429198,0.8687174174253349,True,0.05,0.6918266056486279,True,1.0,cadeira|mesa|outro:tv,0,0.0
G1A-ELK-R5-Roscoff-047,G1A,ELK,Incorrect,Incorrect,Incorrect,True,True,0.7571621447467852,0.8529630139972731,True,0.05,0.6864459302721068,True,1.0,cadeira|outro:tv,2,8.200000000000001
G1A-ELK-R4-Roscoff-065,G1A,ELK,Incorrect,Incorrect,Incorrect,True,True,0.7470260481737981,0.8723418494130831,True,0.0,0.6723234433564184,True,1.0,cadeira,4,15.320000000000002
G1A-ELK-R1-Brest-046,G1A,ELK,Incorrect,Incorrect,Incorrect,True,True,0.7457799737884677,1.6709726880139,True,0.0,0.671201976409621,True,1.0,,2,8.319999999999997
G1A-ELK-R2-Brest-073,G1A,ELK,Incorrect,Correct,Incorrect,False,True,0.7176877323515332,0.896519481494431,True,0.0,0.6459189591163799,True,1.0,,0,0.0
G1A-ELK-R5-Roscoff-032,G1A,ELK,Incorrect,Incorrect,Incorrect,True,True,0.6648785987699588,1.1083808163216595,True,0.32000000000000006,0.6303907388929629,True,0.6,cadeira,2,10.879999999999999
G1A-ELK-R2-Brest-027,G1A,ELK,Incorrect,Correct,Incorrect,False,True,0.697842505817992,0.9384688251591448,True,0.0,0.6280582552361929,True,1.0,,0,0.0
G1A-ELK-R2-Brest-038,G1A,ELK,Incorrect,Correct,Incorrect,False,True,0.6945591035932925,0.8592602937927628,True,0.0,0.6251031932339634,True,1.0,,0,0.0
G1A-ELK-R1-Brest-029,G1A,ELK,Incorrect,Incorrect,Incorrect,True,True,0.6809643161173716,1.17134726467055,True,0.0,0.6128678845056345,True,1.0,,2,8.799999999999999
G1A-ELK-R1-Brest-049,G1A,ELK,Incorrect,Incorrect,Incorrect,True,True,0.6746550670332634,1.8494974606838508,True,0.0,0.6071895603299371,True,1.0,,2,9.68
G1A-ELK-R3-Brest-055,G1A,ELK,Incorrect,Correct,Incorrect,False,True,0.6578747680443782,2.0669895088751282,True,0.05,0.5970872912399404,True,1.0,outro:backpack,0,0.0
G1A-ELK-R3-Brest-070,G1A,ELK,Incorrect,Correct,Incorrect,False,True,0.6326747199915408,1.8381037573030152,True,0.05,0.5744072479923867,True,1.0,outro:backpack,0,0.0
G1A-ELK-R1-Brest-048,G1A,ELK,Incorrect,Incorrect,Incorrect,True,True,0.6060605106039251,1.8009380442710043,True,0.05,0.5504544595435326,True,1.0,outro:umbrella,2,8.439999999999998
G1A-ELK-R3-Brest-011,G1A,ELK,Incorrect,Correct,Incorrect,False,True,0.5930512924032508,0.9359317819224674,True,0.15999999999999998,0.5497461631629258,True,0.8,,0,0.0
G1A-ELK-R2-Brest-064,G1A,ELK,Incorrect,Correct,Incorrect,False,True,0.6004776160786223,0.998730270419443,True,0.0,0.5404298544707601,True,1.0,,1,4.6
G1A-ELK-R3-Brest-034,G1A,ELK,Incomplete,Correct,Incomplete,False,True,0.5798866577883512,1.6474838370232805,True,0.15999999999999998,0.5378979920095162,True,0.8,,0,0.0
G1A-ELK-R6-Roscoff-057,G1A,ELK,Correct,Correct,Correct,True,False,0.526350719491426,3.467672923701348,True,0.58,0.5317156475422834,True,0.4,outro:bicycle|outro:tv,0,0.0
G1A-ELK-R4-Roscoff-082,G1A,ELK,Incorrect,Incorrect,Correct,False,True,0.5555640637081161,0.8025038186808121,True,0.1,0.5100076573373045,True,1.0,notebook|outro:book|outro:tv,2,6.279999999999999
G1A-ELK-R6-Roscoff-019,G1A,ELK,Incomplete,Incomplete,Incomplete,True,True,0.449080927904336,3.8182427912879144,False,0.58,0.4621728351139024,True,0.4,outro:bicycle|outro:tv,0,0.0
G1A-ELK-R4-Roscoff-031,G1A,ELK,Incorrect,Incorrect,Incorrect,True,True,0.5054772595083831,1.8788786314170158,True,0.0,0.4549295335575448,False,1.0,cadeira,2,6.0
G1A-ELK-R6-Roscoff-018,G1A,ELK,Incomplete,Incomplete,Incomplete,True,True,0.40902564375780887,3.8387815943498835,False,0.58,0.426123079382028,True,0.4,outro:bicycle|outro:tv,0,0.0
G1A-ELK-R3-Brest-061,G1A,ELK,Incorrect,Correct,Incorrect,False,True,0.43361681161449706,1.0068551086356845,False,0.32000000000000006,0.4222551304530474,False,0.6,,1,3.067
G1A-ELK-R4-Roscoff-009,G1A,ELK,Incorrect,Incorrect,Incorrect,True,True,0.4689154216877393,1.8568432651326767,False,0.0,0.42202387951896536,False,1.0,cadeira,2,8.92
G1A-ELK-R1-Brest-069,G1A,ELK,Incorrect,Incorrect,Incorrect,True,True,0.38941372617846765,2.3557500644221516,False,0.32000000000000006,0.3824723535606209,False,0.6,,2,9.84
G1A-ELK-R6-Roscoff-090,G1A,ELK,Correct,Correct,Correct,True,False,0.37515229365478303,3.259329306042201,False,0.20999999999999996,0.35863706428930475,False,0.8,outro:tv,0,0.0
G1A-ELK-R4-Roscoff-036,G1A,ELK,Incorrect,Incorrect,Incorrect,True,True,0.3671957099591944,1.9723738507492885,False,0.0,0.330476138963275,False,1.0,cadeira,2,6.24
G1A-ELK-R6-Roscoff-056,G1A,ELK,Incorrect,Correct,Incorrect,False,True,0.3415218218883807,2.387859640843487,False,0.05,0.3123696396995426,False,1.0,outro:tv|sofa,1,9.0
G1A-ELK-R6-Roscoff-043,G1A,ELK,Correct,Correct,Correct,True,False,0.2775806141259143,2.666547258244688,False,0.20999999999999996,0.27082255271332284,False,0.8,outro:tv,0,0.0
G1A-ELK-R6-Roscoff-044,G1A,ELK,Correct,Correct,Correct,True,False,0.21629309464960597,3.315416233831069,False,0.05,0.1996637851846454,False,1.0,outro:tv,0,0.0
G1A-ELK-R6-Roscoff-010,G1A,ELK,Incomplete,Incomplete,Incomplete,True,True,0.20532225972533727,3.1787247499954128,False,0.05,0.18979003375280354,False,1.0,cadeira|outro:tv,0,0.0
G1A-ELK-R6-Roscoff-023,G1A,ELK,Incorrect,Correct,Incorrect,False,True,0.16975111659911526,2.324790451642784,False,0.20999999999999996,0.17377600493920373,False,0.8,outro:tv,0,0.0
G1A-ELK-R6-Roscoff-089,G1A,ELK,Correct,Correct,Correct,True,False,0.15443798526372068,2.7520456687378054,False,0.20999999999999996,0.1599941867373486,False,0.8,cadeira|outro:backpack,0,0.0
G1A-ELK-R6-Roscoff-078,G1A,ELK,Correct,Correct,Correct,True,False,0.10270659691263431,3.568257925317756,False,0.20999999999999996,0.11343593722137088,False,0.8,outro:tv,0,0.0
G1A-ELK-R6-Roscoff-006,G1A,ELK,Correct,Correct,Correct,True,False,0.10866220915765536,2.5183648235224534,False,0.1,0.10779598824188982,False,1.0,cadeira|outro:backpack|outro:remote,0,0.0
G1A-ELK-R6-Roscoff-086,G1A,ELK,Correct,Correct,Correct,True,False,0.07821923633317103,2.3169830476376467,False,0.20999999999999996,0.09139731269985393,False,0.8,cadeira|outro:backpack,0,0.0
G1A-ELK-R6-Roscoff-016,G1A,ELK,Correct,Correct,Correct,True,False,0.08153973219263072,2.456127658957469,False,0.05,0.07838575897336765,False,1.0,cadeira|outro:backpack,0,0.0
G1A-RTK-R1-Brest-006,G1A,RTK,Incorrect,Incorrect,Incorrect,True,True,0.8366907512993645,1.223425499205192,True,0.0,0.7530216761694281,True,1.0,,2,6.56
G1A-RTK-R1-Brest-016,G1A,RTK,Incorrect,Incorrect,Incorrect,True,True,0.8283096429502204,1.0136042945281585,True,0.05,0.7504786786551984,True,1.0,outro:tv,2,12.719999999999999
G1A-RTK-R3-Brest-101,G1A,RTK,Incorrect,Incorrect,Incorrect,True,True,0.7705120195377524,0.7092249944468033,True,0.32000000000000006,0.7254608175839772,True,0.6,,2,8.56
G1A-RTK-R3-Brest-039,G1A,RTK,Incomplete,Incomplete,Incomplete,True,True,0.7284144505075137,0.9104696984352475,True,0.1,0.6655730054567623,True,1.0,outro:backpack|outro:refrigerator,0,0.0
G1A-RTK-R1-Brest-094,G1A,RTK,Incorrect,Correct,Incorrect,False,True,0.7280894226321722,0.9948159408352893,True,0.0,0.655280480368955,True,1.0,,0,0.0
G1A-RTK-R3-Brest-033,G1A,RTK,Incomplete,Incomplete,Incomplete,True,True,0.7185673251779477,0.8897845351570378,True,0.05,0.651710592660153,True,1.0,outro:refrigerator,0,0.0
G1A-RTK-R5-Roscoff-076,G1A,RTK,Incorrect,Correct,Incorrect,False,True,0.6749425912678392,1.108380653664612,True,0.05,0.6124483321410553,True,1.0,cadeira|mesa|outro:tv,0,0.0
G1A-RTK-R3-Brest-083,G1A,RTK,Incorrect,Correct,Incorrect,False,True,0.6335910859650857,0.9200294363017987,True,0.32000000000000006,0.6022319773685773,True,0.6,,0,0.0
G1A-RTK-R1-Brest-089,G1A,RTK,Correct,Correct,Correct,True,False,0.6631363370802432,1.4096810876869847,True,0.05,0.6018227033722189,True,1.0,outro:umbrella,0,0.0
G1A-RTK-R1-Brest-059,G1A,RTK,Incorrect,Correct,Incorrect,False,True,0.663243051682404,0.8856452040054212,True,0.0,0.5969187465141637,True,1.0,,0,0.0
G1A-RTK-R3-Brest-057,G1A,RTK,Incorrect,Correct,Incorrect,False,True,0.6619991478929406,0.734868459428298,True,0.0,0.5957992331036466,True,1.0,,0,0.0
G1A-RTK-R1-Brest-055,G1A,RTK,Correct,Correct,Correct,True,False,0.6365479314556537,1.1424516854414584,True,0.20999999999999996,0.5938931383100884,True,0.8,outro:umbrella,0,0.0
G1A-RTK-R3-Brest-046,G1A,RTK,Incomplete,Incomplete,Incomplete,True,True,0.6353618578887188,0.8223732950577572,True,0.15999999999999998,0.5878256720998469,True,0.8,,0,0.0
G1A-RTK-R1-Brest-019,G1A,RTK,Incorrect,Incorrect,Incorrect,True,True,0.646580776916349,1.0239184789155336,True,0.0,0.5819226992247141,True,1.0,,2,3.119999999999999
G1A-RTK-R1-Brest-024,G1A,RTK,Incorrect,Incomplete,Incorrect,False,True,0.6252171649652638,1.1064059011437253,True,0.15999999999999998,0.5786954484687374,True,0.8,,0,0.0
G1A-RTK-R5-Roscoff-023,G1A,RTK,Incorrect,Correct,Incorrect,False,True,0.6349719371191312,1.299290230323759,True,0.05,0.5764747434072182,True,1.0,cadeira|mesa|outro:tv,0,0.0
G1A-RTK-R5-Roscoff-099,G1A,RTK,Incorrect,Correct,Incorrect,False,True,0.6173990677058757,1.3229091935634014,True,0.05,0.5606591609352881,True,1.0,cadeira|mesa|outro:tv,0,0.0
G1A-RTK-R1-Brest-018,G1A,RTK,Correct,Correct,Correct,True,False,0.6185166686710578,0.9643381953044536,True,0.0,0.5566650018039521,True,1.0,,0,0.0
G1A-RTK-R3-Brest-061,G1A,RTK,Incorrect,Correct,Incorrect,False,True,0.6153709115471134,1.858968682788724,True,0.0,0.5538338203924021,True,1.0,,0,0.0
G1A-RTK-R3-Brest-100,G1A,RTK,Incorrect,Incomplete,Incorrect,False,True,0.5948427551194975,1.0678305779622606,True,0.15999999999999998,0.5513584796075478,True,0.8,,0,0.0
G1A-RTK-R1-Brest-079,G1A,RTK,Incorrect,Correct,Incorrect,False,True,0.5905173213039817,0.8981268456435436,True,0.15999999999999998,0.5474655891735836,True,0.8,,0,0.0
G1A-RTK-R3-Brest-029,G1A,RTK,Incorrect,Incorrect,Incorrect,True,True,0.6046175164046853,0.9962120460976834,True,0.0,0.5441557647642168,True,1.0,,2,7.24
G1A-RTK-R1-Brest-073,G1A,RTK,Correct,Correct,Correct,True,False,0.5531151233064584,0.9305086699128267,True,0.20999999999999996,0.5188036109758125,True,0.8,outro:umbrella,0,0.0
G1A-RTK-R3-Brest-009,G1A,RTK,Incorrect,Incorrect,Incorrect,True,True,0.557919207144159,0.9488882732946317,True,0.0,0.5021272864297431,True,1.0,,2,18.759999999999998
G1A-RTK-R1-Brest-012,G1A,RTK,Correct,Correct,Correct,True,False,0.5512687525300694,0.7961307271252455,True,0.0,0.49614187727706244,False,1.0,,0,0.0
G1A-RTK-R3-Brest-066,G1A,RTK,Incorrect,Incorrect,Incorrect,True,True,0.5364620929337351,1.1999708919375616,True,0.0,0.48281588364036165,False,1.0,,2,18.36
G1A-RTK-R3-Brest-036,G1A,RTK,Incomplete,Incomplete,Incomplete,True,True,0.4942376852396525,1.4979284344490749,False,0.0,0.44481391671568726,False,1.0,,0,0.0
G1A-RTK-R6-Roscoff-048,G1A,RTK,Incorrect,Correct,Incorrect,False,True,0.46769309225402406,1.098838968234122,False,0.1,0.43092378302862167,False,1.0,cadeira|outro:backpack|outro:handbag,0,0.0
G1A-RTK-R1-Brest-020,G1A,RTK,Correct,Correct,Correct,True,False,0.42964485189850404,1.7284257378221397,False,0.37000000000000005,0.4236803667086536,False,0.6,outro:umbrella,0,0.0
G1A-RTK-R1-Brest-032,G1A,RTK,Incorrect,Correct,Incorrect,False,True,0.45143805194221753,0.8453346110502201,False,0.15999999999999998,0.4222942467479958,False,0.8,,0,0.0
G1A-RTK-R4-Roscoff-017,G1A,RTK,Correct,Correct,Correct,True,False,0.4073454981468338,2.25180325405828,False,0.05,0.3716109483321504,False,1.0,cadeira|outro:bicycle,0,0.0
G1A-RTK-R6-Roscoff-056,G1A,RTK,Correct,Correct,Correct,True,False,0.369945486540856,2.681439627452353,False,0.37000000000000005,0.36995093788677047,False,0.6,mesa|outro:tv,0,0.0
G1A-RTK-R5-Roscoff-098,G1A,RTK,Incorrect,Correct,Incorrect,False,True,0.3640479186112715,0.6536038621670702,False,0.1,0.33764312675014435,False,1.0,cadeira|garrafa|mesa|outro:bowl|outro:tv,0,0.0
G1A-RTK-R3-Brest-078,G1A,RTK,Incorrect,Correct,Incorrect,False,True,0.3547839785539133,1.8114693217576991,False,0.0,0.319305580698522,False,1.0,,0,0.0
G1A-RTK-R4-Roscoff-091,G1A,RTK,Correct,Correct,Correct,True,False,0.35030114281853825,2.5244320321415517,False,0.0,0.31527102853668443,False,1.0,cadeira,0,0.0
G1A-RTK-R4-Roscoff-031,G1A,RTK,Correct,Correct,Correct,True,False,0.3465103599451826,0.8317370583604006,False,0.0,0.31185932395066435,False,1.0,cadeira,0,0.0
G1A-RTK-R6-Roscoff-011,G1A,RTK,Correct,Correct,Correct,True,False,0.33528751534542034,0.7072270024016795,False,0.1,0.3117587638108783,False,1.0,cadeira|outro:backpack|outro:handbag,0,0.0
G1A-RTK-R6-Roscoff-001,G1A,RTK,Correct,Correct,Correct,True,False,0.27459446760218015,2.8298615041508133,False,0.58,0.30513502084196215,True,0.4,mesa|outro:bicycle|outro:tv,0,0.0
G1A-RTK-R6-Roscoff-013,G1A,RTK,Correct,Correct,Correct,True,False,0.2383962020751999,2.591093968981509,False,0.9,0.3045565818676799,True,0.0,cadeira|outro:bicycle|outro:tv,0,0.0
G1A-RTK-R4-Roscoff-087,G1A,RTK,Correct,Correct,Correct,True,False,0.3349626429222352,2.5278921155363214,False,0.0,0.3014663786300117,False,1.0,cadeira,0,0.0
G1A-RTK-R4-Roscoff-081,G1A,RTK,Correct,Correct,Correct,True,False,0.3250676188702864,2.5262080431147274,False,0.05,0.2975608569832578,False,1.0,outro:bicycle,0,0.0
G1A-RTK-R5-Roscoff-064,G1A,RTK,Correct,Correct,Correct,True,False,0.30672309012921056,0.8843921070368815,False,0.20999999999999996,0.2970507811162895,False,0.8,cadeira|garrafa|mesa|outro:tv,0,0.0
G1A-RTK-R6-Roscoff-068,G1A,RTK,Correct,Correct,Correct,True,False,0.31050556072357016,0.8559810845014653,False,0.1,0.28945500465121315,False,1.0,cadeira|outro:backpack|outro:handbag,0,0.0
G1A-RTK-R2-Brest-097,G1A,RTK,Correct,Correct,Correct,True,False,0.31046195247358394,1.1227580518055742,False,0.05,0.28441575722622553,False,1.0,outro:tv,0,0.0
G1A-RTK-R4-Roscoff-014,G1A,RTK,Correct,Correct,Correct,True,False,0.3080708327520609,2.5623949202148464,False,0.0,0.2772637494768548,False,1.0,cadeira,0,0.0
G1A-RTK-R4-Roscoff-022,G1A,RTK,Correct,Correct,Correct,True,False,0.28904068014376094,3.011866555869199,False,0.0,0.2601366121293849,False,1.0,cadeira,0,0.0
G1A-RTK-R2-Brest-067,G1A,RTK,Incomplete,Incomplete,Correct,False,True,0.2754815292072323,2.0727052353750244,False,0.05,0.2529333762865091,False,1.0,outro:refrigerator,0,0.0
G1A-RTK-R4-Roscoff-065,G1A,RTK,Correct,Correct,Correct,True,False,0.25620508525232905,0.9952739142004531,False,0.15999999999999998,0.24658457672709613,False,0.8,notebook,0,0.0
G1A-RTK-R5-Roscoff-054,G1A,RTK,Incorrect,Correct,Incorrect,False,True,0.26436169687187955,1.0056439628701765,False,0.05,0.2429255271846916,False,1.0,cadeira|outro:book|sofa,0,0.0
G1A-RTK-R5-Roscoff-028,G1A,RTK,Incorrect,Correct,Incorrect,False,True,0.26428896068976804,1.434110074167707,False,0.05,0.24286006462079124,False,1.0,cadeira|notebook|outro:book,0,0.0
G1A-RTK-R2-Brest-035,G1A,RTK,Incomplete,Incomplete,Incomplete,True,True,0.2619131221777025,1.9453702260737178,False,0.05,0.24072180995993228,False,1.0,outro:refrigerator,0,0.0
G1A-RTK-R6-Roscoff-040,G1A,RTK,Correct,Correct,Correct,True,False,0.24410082307624775,1.8542451814884389,False,0.1,0.229690740768623,False,1.0,outro:bowl|outro:tv,0,0.0
G1A-RTK-R2-Brest-015,G1A,RTK,Incomplete,Incomplete,Correct,False,True,0.24621768382054762,1.9634017735832527,False,0.0,0.22159591543849286,False,1.0,cadeira,0,0.0
G1A-RTK-R5-Roscoff-053,G1A,RTK,Incorrect,Correct,Incorrect,False,True,0.23545341822540217,1.1811847413992487,False,0.05,0.21690807640286197,False,1.0,cadeira|notebook|outro:book,1,16.2
G1A-RTK-R5-Roscoff-034,G1A,RTK,Incorrect,Correct,Incorrect,False,True,0.22435396361447604,0.8978634601560538,False,0.05,0.20691856725302846,False,1.0,cadeira|outro:tv|sofa,0,0.0
G1A-RTK-R6-Roscoff-069,G1A,RTK,Correct,Correct,Correct,True,False,0.16438941046181693,2.9832785597173443,False,0.58,0.20595046941563525,True,0.4,cadeira|outro:bicycle|outro:tv,0,0.0
G1A-RTK-R6-Roscoff-075,G1A,RTK,Correct,Correct,Correct,True,False,0.20262868721625557,2.362603704811633,False,0.20999999999999996,0.20336581849463,False,0.8,mesa|outro:tv,0,0.0
G1A-RTK-R6-Roscoff-002,G1A,RTK,Correct,Correct,Correct,True,False,0.15857320662567273,3.568196020641007,False,0.58,0.20071588596310547,True,0.4,outro:bicycle|outro:tv,0,0.0
G1A-RTK-R5-Roscoff-088,G1A,RTK,Correct,Correct,Correct,True,False,0.22252013347287522,0.9927181342999103,False,0.0,0.2002681201255877,False,1.0,cadeira,0,0.0
G1A-RTK-R4-Roscoff-003,G1A,RTK,Correct,Correct,Correct,True,False,0.21583135969685205,1.2595669420610702,False,0.0,0.19424822372716685,False,1.0,notebook,0,0.0
G1A-RTK-R4-Roscoff-096,G1A,RTK,Correct,Correct,Correct,True,False,0.20945532305193565,1.1286107625106883,False,0.0,0.1885097907467421,False,1.0,notebook,0,0.0
G1A-RTK-R2-Brest-038,G1A,RTK,Incomplete,Incomplete,Incomplete,True,True,0.20326420747939034,1.6669236069977738,False,0.05,0.1879377867314513,False,1.0,outro:refrigerator,0,0.0
G1A-RTK-R4-Roscoff-090,G1A,RTK,Correct,Correct,Correct,True,False,0.17291197473553976,1.1583130465937581,False,0.32000000000000006,0.18762077726198578,False,0.6,notebook,0,0.0
G1A-RTK-R6-Roscoff-045,G1A,RTK,Incorrect,Correct,Incorrect,False,True,0.14394924497897635,3.3663673907136036,False,0.58,0.1875543204810787,True,0.4,outro:bicycle|outro:tv,1,7.199999999999999
G1A-RTK-R6-Roscoff-070,G1A,RTK,Correct,Correct,Correct,True,False,0.18451542162165058,1.6434918646549344,False,0.1,0.17606387945948554,False,1.0,outro:bowl|outro:tv,0,0.0
G1A-RTK-R2-Brest-092,G1A,RTK,Incomplete,Incomplete,Correct,False,True,0.1538508656056842,2.3709308376299867,False,0.20999999999999996,0.15946577904511577,False,0.8,outro:backpack,0,0.0
G1A-RTK-R5-Roscoff-008,G1A,RTK,Correct,Correct,Correct,True,False,0.16943498645328803,1.0800789942557782,False,0.05,0.15749148780795924,False,1.0,outro:tv,0,0.0
G1A-RTK-R5-Roscoff-058,G1A,RTK,Correct,Correct,Correct,True,False,0.16877892131738562,1.1796539304763434,False,0.0,0.15190102918564705,False,1.0,cadeira,0,0.0
G1A-RTK-R2-Brest-093,G1A,RTK,Correct,Correct,Correct,True,False,0.1482872041926324,1.0821938227253287,False,0.05,0.13845848377336917,False,1.0,cadeira|outro:tv,0,0.0
G1A-RTK-R6-Roscoff-037,G1A,RTK,Correct,Correct,Correct,True,False,0.14742791375086015,2.244739631438264,False,0.05,0.13768512237577413,False,1.0,outro:tv,0,0.0
G1A-RTK-R4-Roscoff-080,G1A,RTK,Correct,Correct,Correct,True,False,0.15097287335094076,2.6780910238026934,False,0.0,0.13587558601584668,False,1.0,cadeira|copa,0,0.0
G1A-RTK-R6-Roscoff-027,G1A,RTK,Incorrect,Correct,Incorrect,False,True,0.12937529905437492,1.180082616336583,False,0.1,0.12643776914893742,False,1.0,outro:backpack|outro:handbag,2,9.4
G1A-RTK-R2-Brest-047,G1A,RTK,Incomplete,Incomplete,Incomplete,True,True,0.1384252994546543,2.2058251157910393,False,0.0,0.12458276950918887,False,1.0,cadeira,0,0.0
G1A-RTK-R2-Brest-004,G1A,RTK,Incomplete,Incomplete,Incomplete,True,True,0.12599204036020403,2.1890119602414537,False,0.05,0.11839283632418364,False,1.0,outro:backpack,0,0.0
G1A-RTK-R2-Brest-085,G1A,RTK,Incomplete,Incomplete,Correct,False,True,0.10835157529746257,1.7772028926545238,False,0.05,0.10251641776771632,False,1.0,outro:refrigerator,0,0.0
G1A-RTK-R2-Brest-007,G1A,RTK,Correct,Correct,Correct,True,False,0.1049537385785444,1.220491791655763,False,0.05,0.09945836472068996,False,1.0,outro:tv,0,0.0
G1A-RTK-R5-Roscoff-041,G1A,RTK,Incomplete,Incomplete,Incomplete,True,True,0.09734181876227205,1.3047256912660667,False,0.0,0.08760763688604485,False,1.0,cadeira,1,28.47
G1A-RTK-R2-Brest-082,G1A,RTK,Incomplete,Incomplete,Correct,False,True,0.07638049016230575,2.994598248104069,False,0.0,0.06874244114607518,False,1.0,cadeira,0,0.0
G1A-RTK-R5-Roscoff-060,G1A,RTK,Correct,Correct,Correct,True,False,0.06015370463183221,1.0273291316121638,False,0.05,0.059138334168648984,False,1.0,cadeira|notebook|outro:book,0,0.0
G1A-RTK-R4-Roscoff-086,G1A,RTK,Correct,Correct,Correct,True,False,0.06158890954513835,1.8115693616803206,False,0.0,0.05543001859062451,False,1.0,cadeira,0,0.0
G1A-RTK-R4-Roscoff-051,G1A,RTK,Incorrect,Correct,Incorrect,False,True,0.0532870658730248,2.486043474274112,False,0.0,0.04795835928572232,False,1.0,cadeira,0,0.0
G1A-RTK-R2-Brest-044,G1A,RTK,Incomplete,Incomplete,Incomplete,True,True,0.029931254485661325,2.0016077697842047,False,0.05,0.0319381290370952,False,1.0,outro:backpack,0,0.0
G2A-CTK-S2-Roscoff-003,G2A,CTK,Incorrect,Incorrect,Correct,False,True,0.5557257251591928,1.0752549254165649,True,0.0,0.5001531526432735,True,1.0,cadeira|notebook,2,3.3200000000000003
G2A-CTK-S2-Roscoff-021,G2A,CTK,Correct,Correct,Correct,True,False,0.5397688439010296,0.8667089705430581,True,0.0,0.4857919595109267,False,1.0,notebook,0,0.0
G2A-CTK-S2-Roscoff-018,G2A,CTK,Correct,Correct,Correct,True,False,0.48345048101527976,0.7935524391764499,False,0.0,0.4351054329137518,False,1.0,,0,0.0
G2A-CTK-S1-Brest-029,G2A,CTK,Correct,Correct,Correct,True,False,0.40640172091205357,0.6540159869482531,False,0.37000000000000005,0.40276154882084825,False,0.6,outro:scissors,0,0.0
G2A-CTK-S1-Roscoff-009,G2A,CTK,Incomplete,Incomplete,Correct,False,True,0.4003699979295346,1.017614927585673,False,0.0,0.36033299813658115,False,1.0,,0,0.0
G2A-CTK-S1-Brest-090,G2A,CTK,Correct,Correct,Correct,True,False,0.32608241762313267,0.7723076564309371,False,0.32000000000000006,0.32547417586081945,False,0.6,,0,0.0
G2A-CTK-S1-Roscoff-013,G2A,CTK,Incorrect,Incorrect,Incorrect,True,True,0.3598232548221112,1.242109744444713,False,0.0,0.3238409293399001,False,1.0,,2,13.76
G2A-CTK-S3-Roscoff-091,G2A,CTK,Incorrect,Incorrect,Incorrect,True,True,0.30447745492434636,1.3593245335799764,False,0.48,0.3220297094319117,False,0.4,cadeira,2,5.159999999999998
G2A-CTK-S4-Roscoff-001,G2A,CTK,Correct,Correct,Correct,True,False,0.3166646206840916,0.9582023997315049,False,0.05,0.28999815861568246,False,1.0,outro:tv,0,0.0
G2A-CTK-S4-Roscoff-026,G2A,CTK,Correct,Correct,Correct,True,False,0.3165716729729912,0.8893708081799927,False,0.0,0.2849145056756921,False,1.0,cadeira,0,0.0
G2A-CTK-S2-Roscoff-025,G2A,CTK,Incorrect,Incorrect,Incorrect,True,True,0.30122233979368757,1.2133359852210845,False,0.05,0.2761001058143188,False,1.0,outro:tv,2,11.36
G2A-CTK-S4-Roscoff-088,G2A,CTK,Incomplete,Incomplete,Incomplete,True,True,0.29106972722862684,0.8566176380859524,False,0.0,0.2619627545057642,False,1.0,cadeira,0,0.0
G2A-CTK-S3-Roscoff-077,G2A,CTK,Incorrect,Incorrect,Incorrect,True,True,0.25178983186552134,1.0693031087731002,False,0.15999999999999998,0.2426108486789692,False,0.8,cadeira|notebook,2,7.959999999999999
G2A-CTK-S4-Roscoff-068,G2A,CTK,Incomplete,Incomplete,Incomplete,True,True,0.26692018528320316,0.5337192319294756,False,0.0,0.24022816675488284,False,1.0,cadeira,0,0.0
G2A-CTK-S4-Roscoff-015,G2A,CTK,Correct,Correct,Correct,True,False,0.24103783643403476,0.5784163321769229,False,0.0,0.2169340527906313,False,1.0,cadeira,0,0.0
G2A-CTK-S1-Brest-034,G2A,CTK,Correct,Correct,Correct,True,False,0.18063100049778874,0.89213490240462,False,0.53,0.21556790044800989,True,0.4,outro:scissors,0,0.0
G2A-CTK-S4-Roscoff-074,G2A,CTK,Correct,Correct,Correct,True,False,0.23773192712572203,0.778375329099746,False,0.0,0.21395873441314983,False,1.0,cadeira,0,0.0
G2A-CTK-S1-Brest-093,G2A,CTK,Correct,Correct,Correct,True,False,0.1942608837399147,0.8504259276332339,False,0.32000000000000006,0.20683479536592325,False,0.6,,0,0.0
G2A-CTK-S1-Roscoff-051,G2A,CTK,Correct,Correct,Correct,True,False,0.16233886615790605,0.37591370529729295,False,0.48,0.19410497954211547,False,0.4,,0,0.0
G2A-CTK-S4-Roscoff-046,G2A,CTK,Correct,Correct,Correct,True,False,0.2140198840085293,0.8388588484898155,False,0.0,0.1926178956076764,False,1.0,cadeira,0,0.0
G2A-CTK-S1-Brest-096,G2A,CTK,Correct,Correct,Correct,True,False,0.14899057938564608,0.8980843418821917,False,0.53,0.18709152144708147,True,0.4,outro:scissors,0,0.0
G2A-CTK-S1-Roscoff-059,G2A,CTK,Correct,Correct,Correct,True,False,0.12314466518841276,0.39893096886571144,False,0.48,0.1588301986695715,False,0.4,,0,0.0
G2A-CTK-S1-Roscoff-012,G2A,CTK,Correct,Correct,Correct,True,False,0.11518697465544235,0.5715850396564061,False,0.48,0.15166827718989812,False,0.4,,0,0.0
G2A-CTK-S1-Roscoff-043,G2A,CTK,Correct,Correct,Correct,True,False,0.09395042485920853,0.5973551769332982,False,0.48,0.13255538237328768,False,0.4,,0,0.0
G2A-ELK-S3-Roscoff-007,G2A,ELK,Incomplete,Incomplete,Incomplete,True,True,0.8875411839164739,0.5482931901660651,True,0.6400000000000001,0.8627870655248265,True,0.2,cadeira|notebook,0,0.0
G2A-ELK-S1-Roscoff-077,G2A,ELK,Incorrect,Incorrect,Correct,False,True,0.8940134686738991,0.35250133503228936,True,0.32000000000000006,0.8366121218065092,True,0.6,,2,7.880000000000001
G2A-ELK-S1-Roscoff-071,G2A,ELK,Correct,Correct,Correct,True,False,0.893411785491307,0.4397140544056753,True,0.0,0.8040706069421762,True,1.0,,0,0.0
G2A-ELK-S3-Roscoff-021,G2A,ELK,Incorrect,Correct,Incorrect,False,True,0.8569824376273165,0.6889291219198838,True,0.15999999999999998,0.7872841938645849,True,0.8,cadeira|notebook,1,5.0
G2A-ELK-S1-Roscoff-060,G2A,ELK,Incorrect,Incorrect,Incorrect,True,True,0.7961012004242306,0.44347734878328676,True,0.20999999999999996,0.7374910803818076,True,0.8,outro:tv,2,16.440000000000005
G2A-ELK-S3-Roscoff-085,G2A,ELK,Correct,Correct,Correct,True,False,0.6845320485638882,0.7697442775175629,True,0.6400000000000001,0.6800788437074994,True,0.2,cadeira|notebook,0,0.0
G2A-ELK-S1-Roscoff-072,G2A,ELK,Correct,Correct,Correct,True,False,0.7238166261284699,0.4378929800237208,True,0.15999999999999998,0.6674349635156229,True,0.8,,0,0.0
G2A-ELK-S1-Roscoff-005,G2A,ELK,Motionless,Motionless,Motionless,True,True,0.7192972809016766,2.1919787195439935,True,0.0,0.6473675528115089,True,1.0,,0,0.0
G2A-RTK-S6-Roscoff-077,G2A,RTK,Correct,Correct,Correct,True,False,0.6899769679444241,0.7352809732943545,True,0.05,0.6259792711499818,True,1.0,garrafa|outro:tv,0,0.0
G2A-RTK-S1-Roscoff-050,G2A,RTK,Correct,Correct,Correct,True,False,0.6523486312155803,0.6795377440635234,True,0.32000000000000006,0.6191137680940223,True,0.6,,0,0.0
G2A-RTK-S3-Roscoff-095,G2A,RTK,Incorrect,Incorrect,Incorrect,True,True,0.6184478580217239,1.6470046526159345,True,0.48,0.6046030722195516,True,0.4,cadeira|notebook,2,9.040000000000001
G2A-RTK-S1-Roscoff-072,G2A,RTK,Correct,Correct,Correct,True,False,0.635276082125919,0.5979917506394848,True,0.32000000000000006,0.6037484739133272,True,0.6,,0,0.0
G2A-RTK-S1-Roscoff-052,G2A,RTK,Correct,Correct,Correct,True,False,0.6181137212799088,0.4606257560497447,True,0.15999999999999998,0.572302349151918,True,0.8,,0,0.0
G2A-RTK-S5-Brest-043,G2A,RTK,Correct,Correct,Correct,True,False,0.6293360060965992,0.6552453644726365,True,0.0,0.5664024054869393,True,1.0,,0,0.0
G2A-RTK-S1-Roscoff-005,G2A,RTK,Correct,Correct,Correct,True,False,0.5951906560066074,0.3567438700350561,True,0.15999999999999998,0.5516715904059467,True,0.8,,0,0.0
G2A-RTK-S6-Roscoff-062,G2A,RTK,Incorrect,Incorrect,Incorrect,True,True,0.6069564024403076,0.6853701604984074,True,0.05,0.5512607621962768,True,1.0,cadeira|garrafa|outro:tv,2,29.04
G2A-RTK-S1-Roscoff-010,G2A,RTK,Correct,Correct,Correct,True,False,0.5680074407397248,0.566831427347393,True,0.32000000000000006,0.5432066966657523,True,0.6,,0,0.0
G2A-RTK-S5-Brest-074,G2A,RTK,Correct,Correct,Correct,True,False,0.5642202188836923,1.04325455814903,True,0.15999999999999998,0.5237981969953232,True,0.8,,0,0.0
G2A-RTK-S3-Roscoff-084,G2A,RTK,Correct,Correct,Correct,True,False,0.5796832590161278,0.9913611019439929,True,0.0,0.5217149331145151,True,1.0,cadeira,0,0.0
G2A-RTK-S5-Brest-026,G2A,RTK,Correct,Correct,Correct,True,False,0.5519084324908347,0.9250034842837754,True,0.0,0.4967175892417512,False,1.0,,0,0.0
G2A-RTK-S1-Roscoff-025,G2A,RTK,Correct,Correct,Correct,True,False,0.49939040844076205,0.6633026329067411,False,0.15999999999999998,0.46545136759668587,False,0.8,,0,0.0
G2A-RTK-S3-Roscoff-030,G2A,RTK,Correct,Correct,Correct,True,False,0.4408997585034089,0.6135132261417087,False,0.48,0.44480978265306803,False,0.4,cadeira,0,0.0
G2A-RTK-S6-Roscoff-071,G2A,RTK,Incorrect,Incorrect,Incorrect,True,True,0.48032051600310244,1.469621127981325,False,0.05,0.43728846440279223,False,1.0,garrafa|outro:tv,2,15.0
G2A-RTK-S2-Roscoff-063,G2A,RTK,Correct,Correct,Correct,True,False,0.44264157313584124,0.6927409884915193,False,0.05,0.4033774158222571,False,1.0,outro:tv,0,0.0
G2A-RTK-S1-Roscoff-049,G2A,RTK,Correct,Correct,Correct,True,False,0.3074641663605282,0.6562174267593236,False,0.32000000000000006,0.3087177497244754,False,0.6,cadeira,0,0.0
G2A-RTK-S6-Roscoff-042,G2A,RTK,Incorrect,Incorrect,Incorrect,True,True,0.29630760222870195,1.3497325908639948,False,0.1,0.27667684200583176,False,1.0,garrafa|outro:backpack|outro:tv,2,26.520000000000003
G2A-RTK-S2-Roscoff-021,G2A,RTK,Correct,Correct,Correct,True,False,0.2825983693869733,0.5356419219642677,False,0.05,0.259338532448276,False,1.0,notebook|outro:tv,0,0.0
